unit_id,failure_year,regime,censored,time_to_failure_years
TR-004,1993.9763761845986,T3,False,5.976376184598621
TR-005,2014.0056291670853,PD,False,20.005629167085317
TR-006,2005.539145317618,T3,False,8.539145317618022
TR-007,2011.1747974073241,T1,False,24.17479740732415
TR-008,2014.9979145757288,T1,False,20.997914575728828
TR-009,,NORMAL,True,26.0
TR-010,,NORMAL,True,25.0
TR-011,2019.7422402480593,DT,False,8.742240248059261
TR-012,,NORMAL,True,15.0
TR-013,,T1,True,15.0
TR-014,,T2,True,10.0
TR-015,,NORMAL,True,18.0
TR-016,2021.984249841083,D2,False,5.984249841083056
TR-017,,NORMAL,True,22.0
TR-018,,T1,True,24.0
TR-019,,NORMAL,True,18.0
TR-020,,NORMAL,True,14.0
TR-021,2013.665559722591,D1,False,13.66555972259107
TR-022,2000.8752893334236,D2,False,7.875289333423552
TR-023,,NORMAL,True,11.0
TR-024,,NORMAL,True,8.0
TR-025,,NORMAL,True,11.0
TR-026,,NORMAL,True,21.0
TR-027,,NORMAL,True,12.0
TR-028,2010.0459183710216,T1,False,18.04591837102157
TR-029,,T2,True,14.0
TR-030,,NORMAL,True,35.0
TR-031,1997.9325876575394,D2,False,3.932587657539443
TR-032,,NORMAL,True,35.0
TR-033,1996.552140978984,D2,False,1.5521409789839709
TR-034,1994.9635356717838,T2,False,9.963535671783802
TR-035,2012.9733837066346,PD,False,15.97338370663465
TR-036,2016.8349764891689,T2,False,14.834976489168866
TR-037,,NORMAL,True,29.0
TR-038,,NORMAL,True,32.0
TR-039,2018.29339633607,PD,False,23.293396336069918
TR-040,,NORMAL,True,30.0
TR-041,2015.4911833183342,DT,False,4.491183318334151
TR-042,,NORMAL,True,21.0
TR-043,2003.1824661182063,T2,False,7.182466118206321
TR-044,2005.918030719055,T2,False,8.918030719054968
TR-045,,D1,True,13.0
TR-046,2005.5140502397703,T2,False,9.514050239770313
TR-047,2009.6277843635069,T1,False,18.627784363506862
TR-048,2012.9153033125604,D2,False,2.9153033125603542
TR-049,2009.4495893983442,D1,False,11.449589398344187
TR-050,2004.3900548833547,D2,False,7.390054883354651
TR-051,2019.802478775665,DT,False,8.802478775664895
TR-052,,PD,True,20.0
TR-053,,NORMAL,True,9.0
TR-054,2022.2513946366903,T2,False,13.251394636690293
TR-055,,NORMAL,True,29.0
TR-056,2010.2335396949795,D2,False,6.233539694979527
TR-057,2011.387765407283,T1,False,22.38776540728304
TR-058,2014.5283102145947,T1,False,26.52831021459474
TR-059,1994.3614829266533,DT,False,8.361482926653252
TR-060,2010.71138111238,D2,False,4.711381112379968
TR-061,2023.2389378127655,D1,False,10.23893781276547
TR-062,,NORMAL,True,28.0
TR-063,1998.0281209813716,D2,False,2.0281209813715577
TR-064,,NORMAL,True,25.0
TR-065,2001.5028346458623,D1,False,8.502834645862322
TR-066,,NORMAL,True,16.0
TR-067,,NORMAL,True,33.0
TR-068,,NORMAL,True,25.0
TR-069,2018.5771118452712,T1,False,21.577111845271247
TR-070,,NORMAL,True,24.0
TR-071,2023.7766946885886,NORMAL,False,35.77669468858858
TR-072,,NORMAL,True,19.0
TR-073,,PD,True,21.0
TR-074,2016.9870046709493,T2,False,14.987004670949318
TR-075,,NORMAL,True,34.0
TR-076,,NORMAL,True,34.0
TR-077,2003.640129550593,T2,False,7.640129550592974
TR-078,,NORMAL,True,21.0
TR-079,2014.6836588316921,T2,False,12.683658831692128
TR-080,2011.7159648425175,PD,False,18.71596484251745
TR-081,,NORMAL,True,27.0
TR-082,1986.81497702417,DT,False,2.814977024170048
TR-083,2016.5980280486501,PD,False,17.59802804865012
TR-084,2019.5264047630146,T1,False,24.526404763014625
TR-085,2013.2577991293645,D2,False,5.257799129364457
TR-086,,NORMAL,True,10.0
TR-087,,NORMAL,True,32.0
TR-088,2002.3957697835058,DT,False,4.395769783505784
TR-089,,NORMAL,True,17.0
TR-090,,NORMAL,True,11.0
TR-091,2014.255991293094,D1,False,7.2559912930939845
TR-092,2017.8317026489851,T2,False,10.831702648985129
TR-093,2021.5137082728038,PD,False,29.513708272803797
TR-094,,T1,True,10.0
TR-095,,NORMAL,True,10.0
TR-096,,PD,True,13.0
TR-097,2010.289392793359,D2,False,5.289392793358957
TR-098,,NORMAL,True,20.0
TR-099,,NORMAL,True,27.0
TR-100,2013.249266167929,T1,False,16.24926616792891
TR-101,,T1,True,17.0
TR-102,,NORMAL,True,21.0
TR-103,,PD,True,20.0
TR-104,2014.206602616611,T2,False,16.206602616611008
TR-105,2015.800393070006,T2,False,7.800393070006066
TR-106,,NORMAL,True,32.0
TR-107,,NORMAL,True,25.0
TR-108,1994.321946891482,T3,False,4.321946891481957
TR-109,2008.3633301387047,T1,False,21.36333013870467
TR-110,2022.1703046715113,T1,False,15.170304671511303
TR-111,,NORMAL,True,34.0
TR-112,,T1,True,8.0
TR-113,2005.176968788896,D2,False,3.1769687888959197
TR-114,2004.8236993396292,DT,False,1.8236993396292291
TR-115,1995.0534742355155,DT,False,2.053474235515523
TR-116,2023.440979572029,T1,False,24.440979572028937
TR-117,,T2,True,10.0
TR-118,2006.9339792331828,DT,False,1.9339792331827539
TR-119,,NORMAL,True,32.0
TR-120,,NORMAL,True,14.0
TR-121,,T2,True,11.0
TR-122,2003.7887863327937,T2,False,8.788786332793734
TR-123,1991.9428963129128,DT,False,6.942896312912808
TR-124,2023.995479171253,D2,False,7.9954791712530096
TR-125,2001.1027756139977,T3,False,5.1027756139976645
TR-126,2008.4474208673414,T3,False,4.447420867341407
TR-127,,NORMAL,True,26.0
TR-128,2005.877809025324,T2,False,12.87780902532404
TR-129,,T1,True,12.0
TR-130,,NORMAL,True,24.0
TR-131,,NORMAL,True,22.0
TR-132,,T1,True,14.0
TR-133,2015.647711419838,D1,False,17.64771141983806
TR-134,2014.200689505277,T1,False,22.20068950527707
TR-135,,T2,True,14.0
TR-136,,NORMAL,True,34.0
TR-137,1994.1119160026747,D2,False,4.111916002674661
TR-138,,NORMAL,True,32.0
TR-139,2014.6313712252806,PD,False,27.631371225280645
TR-140,2000.1946357049464,DT,False,5.1946357049464496
TR-141,,NORMAL,True,18.0
TR-142,,NORMAL,True,30.0
TR-143,1997.3642704114816,D2,False,5.364270411481584
TR-144,,NORMAL,True,33.0
TR-145,2022.412717422012,NORMAL,False,37.412717422012065
TR-146,,NORMAL,True,36.0
TR-147,2022.9069042844,D1,False,13.90690428440007
TR-148,1988.9580846989115,D2,False,1.9580846989115344
TR-149,,T1,True,6.0
TR-150,,NORMAL,True,34.0
TR-151,,NORMAL,True,11.0
TR-152,2012.728541145502,T3,False,1.7285411455020494
TR-153,,PD,True,13.0
TR-154,2017.610649788169,T1,False,27.610649788168985
TR-155,,NORMAL,True,38.0
TR-156,2019.2754031192967,T2,False,12.275403119296698
TR-157,2019.7980315199113,T1,False,23.79803151991132
TR-158,,NORMAL,True,15.0
TR-159,1999.0433111451766,DT,False,6.043311145176631
TR-160,,NORMAL,True,31.0
TR-161,,NORMAL,True,21.0
TR-162,2015.1559524048448,T1,False,21.15595240484481
TR-163,,T1,True,12.0
TR-164,2022.8434414493267,T1,False,25.843441449326747
TR-165,,T1,True,9.0
TR-166,,NORMAL,True,12.0
TR-167,,NORMAL,True,25.0
TR-168,1990.9048164411963,D2,False,3.904816441196317
TR-169,,PD,True,12.0
TR-170,2020.9665492236693,T2,False,7.96654922366929
TR-171,,NORMAL,True,14.0
TR-172,,NORMAL,True,13.0
TR-173,2004.9319710734305,D2,False,8.931971073430532
TR-174,2020.9119741306347,D2,False,6.91197413063469
TR-175,1997.2179005205253,D1,False,9.21790052052529
TR-176,2008.3171694276582,D1,False,14.3171694276582
TR-177,2019.4433383056698,D2,False,4.44333830566984
TR-178,2015.937591681061,T2,False,12.937591681060894
TR-179,,NORMAL,True,6.0
TR-180,2017.4729221470466,T1,False,21.472922147046575
TR-181,,NORMAL,True,25.0
TR-182,2001.414479084184,D2,False,7.414479084183995
TR-183,,NORMAL,True,10.0
TR-184,2004.075742275713,T3,False,8.075742275713083
TR-185,,NORMAL,True,15.0
TR-186,2022.2953622299342,T1,False,22.2953622299342
TR-187,,NORMAL,True,19.0
TR-188,2018.4019824171362,T1,False,27.401982417136196
TR-189,,NORMAL,True,18.0
TR-190,2007.543371456073,D2,False,2.5433714560729186
TR-191,,T1,True,9.0
TR-192,1999.6779294720568,T2,False,8.677929472056803
TR-193,2019.0466635343707,PD,False,26.046663534370737
TR-194,,NORMAL,True,16.0
TR-195,,NORMAL,True,27.0
TR-196,,NORMAL,True,24.0
TR-197,2006.7140095008353,T1,False,16.714009500835346
TR-198,1995.992750917391,D2,False,4.992750917391049
TR-199,2007.4927000536516,T1,False,15.49270005365156
TR-200,2018.2838817425682,T1,False,21.283881742568155
TR-201,1995.1440390224716,T2,False,7.144039022471588
TR-202,2014.6149704581483,DT,False,2.614970458148264
TR-203,,NORMAL,True,37.0
