unit_id,rated_mva,voltage_kv,install_year,regime,base_failure_year,study_end_year
TR-004,400.0,500.0,1988,T3,1993.9763761845986,2024
TR-005,75.0,220.0,1994,PD,2014.0056291670853,2024
TR-006,100.0,154.0,1997,T3,2005.539145317618,2024
TR-007,75.0,500.0,1987,T1,2011.1747974073241,2024
TR-008,200.0,500.0,1994,T1,2014.9979145757288,2024
TR-009,150.0,500.0,1998,NORMAL,2045.3677201866617,2024
TR-010,150.0,220.0,1999,NORMAL,2046.1508970380287,2024
TR-011,200.0,110.0,2011,DT,2019.7422402480593,2024
TR-012,75.0,154.0,2009,NORMAL,2057.684660530243,2024
TR-013,400.0,500.0,2009,T1,2024.5158278167282,2024
TR-014,250.0,110.0,2014,T2,2024.4288218369836,2024
TR-015,250.0,154.0,2006,NORMAL,2060.3916925552912,2024
TR-016,75.0,500.0,2016,D2,2021.984249841083,2024
TR-017,400.0,500.0,2002,NORMAL,2043.5066066152654,2024
TR-018,200.0,154.0,2000,T1,2029.478829608962,2024
TR-019,150.0,500.0,2006,NORMAL,2044.3053387812602,2024
TR-020,50.0,220.0,2010,NORMAL,2045.110442342472,2024
TR-021,100.0,220.0,2000,D1,2013.665559722591,2024
TR-022,75.0,220.0,1993,D2,2000.8752893334236,2024
TR-023,150.0,154.0,2013,NORMAL,2062.592123566761,2024
TR-024,250.0,220.0,2016,NORMAL,2070.434241907782,2024
TR-025,100.0,110.0,2013,NORMAL,2053.1213664552265,2024
TR-026,100.0,110.0,2003,NORMAL,2040.1578285398662,2024
TR-027,400.0,500.0,2012,NORMAL,2057.171413823294,2024
TR-028,250.0,110.0,1992,T1,2010.0459183710216,2024
TR-029,200.0,500.0,2010,T2,2026.685146229168,2024
TR-030,75.0,110.0,1989,NORMAL,2033.1306914096583,2024
TR-031,150.0,500.0,1994,D2,1997.9325876575394,2024
TR-032,400.0,500.0,1989,NORMAL,2028.5587032508388,2024
TR-033,250.0,110.0,1995,D2,1996.552140978984,2024
TR-034,100.0,110.0,1985,T2,1994.9635356717838,2024
TR-035,400.0,220.0,1997,PD,2012.9733837066346,2024
TR-036,75.0,500.0,2002,T2,2016.8349764891689,2024
TR-037,200.0,110.0,1995,NORMAL,2049.532299116653,2024
TR-038,150.0,154.0,1992,NORMAL,2039.6870268940272,2024
TR-039,250.0,154.0,1995,PD,2018.29339633607,2024
TR-040,400.0,500.0,1994,NORMAL,2033.8431987655485,2024
TR-041,250.0,500.0,2011,DT,2015.4911833183342,2024
TR-042,400.0,500.0,2003,NORMAL,2048.163975534814,2024
TR-043,200.0,220.0,1996,T2,2003.1824661182063,2024
TR-044,100.0,220.0,1997,T2,2005.918030719055,2024
TR-045,50.0,500.0,2011,D1,2025.4325912874322,2024
TR-046,50.0,110.0,1996,T2,2005.5140502397703,2024
TR-047,75.0,500.0,1991,T1,2009.6277843635069,2024
TR-048,250.0,500.0,2010,D2,2012.9153033125604,2024
TR-049,50.0,220.0,1998,D1,2009.4495893983442,2024
TR-050,50.0,500.0,1997,D2,2004.3900548833547,2024
TR-051,150.0,154.0,2011,DT,2019.802478775665,2024
TR-052,75.0,500.0,2004,PD,2025.7263621447937,2024
TR-053,200.0,110.0,2015,NORMAL,2059.8778743036687,2024
TR-054,150.0,500.0,2009,T2,2022.2513946366903,2024
TR-055,150.0,220.0,1995,NORMAL,2034.8797928675817,2024
TR-056,250.0,154.0,2004,D2,2010.2335396949795,2024
TR-057,75.0,110.0,1989,T1,2011.387765407283,2024
TR-058,200.0,500.0,1988,T1,2014.5283102145947,2024
TR-059,50.0,500.0,1986,DT,1994.3614829266533,2024
TR-060,100.0,500.0,2006,D2,2010.71138111238,2024
TR-061,200.0,220.0,2013,D1,2023.2389378127655,2024
TR-062,200.0,500.0,1996,NORMAL,2034.3898549337218,2024
TR-063,50.0,154.0,1996,D2,1998.0281209813716,2024
TR-064,75.0,500.0,1999,NORMAL,2039.0832729813949,2024
TR-065,75.0,154.0,1993,D1,2001.5028346458623,2024
TR-066,250.0,500.0,2008,NORMAL,2051.3956171289256,2024
TR-067,75.0,110.0,1991,NORMAL,2026.1036972554798,2024
TR-068,150.0,110.0,1999,NORMAL,2041.9356765442778,2024
TR-069,250.0,500.0,1997,T1,2018.5771118452712,2024
TR-070,400.0,154.0,2000,NORMAL,2054.6368177662107,2024
TR-071,250.0,154.0,1988,NORMAL,2023.7766946885886,2024
TR-072,400.0,154.0,2005,NORMAL,2056.5573800757516,2024
TR-073,150.0,500.0,2003,PD,2030.6303461251798,2024
TR-074,150.0,154.0,2002,T2,2016.9870046709493,2024
TR-075,200.0,154.0,1990,NORMAL,2040.903723895374,2024
TR-076,400.0,220.0,1990,NORMAL,2025.5070148683092,2024
TR-077,200.0,154.0,1996,T2,2003.640129550593,2024
TR-078,75.0,110.0,2003,NORMAL,2039.877465801626,2024
TR-079,50.0,500.0,2002,T2,2014.6836588316921,2024
TR-080,400.0,110.0,1993,PD,2011.7159648425175,2024
TR-081,100.0,110.0,1997,NORMAL,2033.8359813162688,2024
TR-082,400.0,110.0,1984,DT,1986.81497702417,2024
TR-083,75.0,154.0,1999,PD,2016.5980280486501,2024
TR-084,250.0,110.0,1995,T1,2019.5264047630146,2024
TR-085,75.0,500.0,2008,D2,2013.2577991293645,2024
TR-086,200.0,110.0,2014,NORMAL,2060.7155116254694,2024
TR-087,100.0,500.0,1992,NORMAL,2039.865764368847,2024
TR-088,50.0,110.0,1998,DT,2002.3957697835058,2024
TR-089,50.0,500.0,2007,NORMAL,2043.3872260175033,2024
TR-090,400.0,154.0,2013,NORMAL,2061.660135468327,2024
TR-091,50.0,154.0,2007,D1,2014.255991293094,2024
TR-092,75.0,220.0,2007,T2,2017.8317026489851,2024
TR-093,100.0,110.0,1992,PD,2021.5137082728038,2024
TR-094,150.0,154.0,2014,T1,2037.6388686288713,2024
TR-095,100.0,500.0,2014,NORMAL,2060.610880246878,2024
TR-096,400.0,154.0,2011,PD,2037.2630660168725,2024
TR-097,50.0,220.0,2005,D2,2010.289392793359,2024
TR-098,50.0,154.0,2004,NORMAL,2040.0697059349475,2024
TR-099,200.0,110.0,1997,NORMAL,2051.136017702529,2024
TR-100,400.0,500.0,1997,T1,2013.249266167929,2024
TR-101,200.0,220.0,2007,T1,2025.1909184253634,2024
TR-102,200.0,220.0,2003,NORMAL,2056.618582113746,2024
TR-103,75.0,220.0,2004,PD,2032.3155627413746,2024
TR-104,100.0,220.0,1998,T2,2014.206602616611,2024
TR-105,50.0,110.0,2008,T2,2015.800393070006,2024
TR-106,75.0,220.0,1992,NORMAL,2028.6967542817038,2024
TR-107,100.0,500.0,1999,NORMAL,2050.25599134515,2024
TR-108,400.0,220.0,1990,T3,1994.321946891482,2024
TR-109,400.0,220.0,1987,T1,2008.3633301387047,2024
TR-110,75.0,220.0,2007,T1,2022.1703046715113,2024
TR-111,150.0,154.0,1990,NORMAL,2027.3505249355421,2024
TR-112,50.0,220.0,2016,T1,2045.4325882271182,2024
TR-113,400.0,500.0,2002,D2,2005.176968788896,2024
TR-114,250.0,154.0,2003,DT,2004.8236993396292,2024
TR-115,200.0,500.0,1993,DT,1995.0534742355155,2024
TR-116,100.0,220.0,1999,T1,2023.440979572029,2024
TR-117,250.0,220.0,2014,T2,2025.2262201451715,2024
TR-118,400.0,110.0,2005,DT,2006.9339792331828,2024
TR-119,250.0,500.0,1992,NORMAL,2030.3935980779113,2024
TR-120,150.0,154.0,2010,NORMAL,2050.3187584992847,2024
TR-121,200.0,110.0,2013,T2,2025.8970600297853,2024
TR-122,50.0,110.0,1995,T2,2003.7887863327937,2024
TR-123,250.0,220.0,1985,DT,1991.9428963129128,2024
TR-124,400.0,110.0,2016,D2,2023.995479171253,2024
TR-125,200.0,110.0,1996,T3,2001.1027756139977,2024
TR-126,400.0,110.0,2004,T3,2008.4474208673414,2024
TR-127,100.0,220.0,1998,NORMAL,2033.7364373527198,2024
TR-128,400.0,110.0,1993,T2,2005.877809025324,2024
TR-129,200.0,154.0,2012,T1,2037.8918126610777,2024
TR-130,75.0,154.0,2000,NORMAL,2039.1009065701305,2024
TR-131,50.0,220.0,2002,NORMAL,2054.564413349584,2024
TR-132,75.0,500.0,2010,T1,2032.1431604518352,2024
TR-133,100.0,220.0,1998,D1,2015.647711419838,2024
TR-134,250.0,154.0,1992,T1,2014.200689505277,2024
TR-135,400.0,220.0,2010,T2,2025.8554913427129,2024
TR-136,400.0,154.0,1990,NORMAL,2036.7983537370926,2024
TR-137,250.0,220.0,1990,D2,1994.1119160026747,2024
TR-138,250.0,110.0,1992,NORMAL,2037.4720455203003,2024
TR-139,50.0,110.0,1987,PD,2014.6313712252806,2024
TR-140,50.0,500.0,1995,DT,2000.1946357049464,2024
TR-141,200.0,154.0,2006,NORMAL,2042.5172665621733,2024
TR-142,50.0,220.0,1994,NORMAL,2041.8174948960643,2024
TR-143,150.0,500.0,1992,D2,1997.3642704114816,2024
TR-144,75.0,110.0,1991,NORMAL,2029.3787012614432,2024
TR-145,150.0,154.0,1985,NORMAL,2022.412717422012,2024
TR-146,50.0,500.0,1988,NORMAL,2033.0683454170971,2024
TR-147,200.0,220.0,2009,D1,2022.9069042844,2024
TR-148,400.0,500.0,1987,D2,1988.9580846989115,2024
TR-149,75.0,500.0,2018,T1,2047.7938549380021,2024
TR-150,400.0,220.0,1990,NORMAL,2040.1991081787517,2024
TR-151,250.0,500.0,2013,NORMAL,2050.9547818381247,2024
TR-152,100.0,220.0,2011,T3,2012.728541145502,2024
TR-153,75.0,154.0,2011,PD,2027.5730374979871,2024
TR-154,400.0,110.0,1990,T1,2017.610649788169,2024
TR-155,250.0,154.0,1986,NORMAL,2027.8585372855653,2024
TR-156,50.0,500.0,2007,T2,2019.2754031192967,2024
TR-157,150.0,220.0,1996,T1,2019.7980315199113,2024
TR-158,150.0,220.0,2009,NORMAL,2061.9929479429,2024
TR-159,75.0,220.0,1993,DT,1999.0433111451766,2024
TR-160,50.0,110.0,1993,NORMAL,2032.9191545676902,2024
TR-161,150.0,154.0,2003,NORMAL,2041.467471905895,2024
TR-162,400.0,110.0,1994,T1,2015.1559524048448,2024
TR-163,150.0,500.0,2012,T1,2040.760934196283,2024
TR-164,400.0,154.0,1997,T1,2022.8434414493267,2024
TR-165,250.0,110.0,2015,T1,2034.1996864049042,2024
TR-166,150.0,110.0,2012,NORMAL,2055.508728772328,2024
TR-167,50.0,500.0,1999,NORMAL,2046.2124008488327,2024
TR-168,250.0,110.0,1987,D2,1990.9048164411963,2024
TR-169,100.0,110.0,2012,PD,2035.2290467690723,2024
TR-170,75.0,500.0,2013,T2,2020.9665492236693,2024
TR-171,400.0,110.0,2010,NORMAL,2054.463324021038,2024
TR-172,250.0,220.0,2011,NORMAL,2063.014549200329,2024
TR-173,150.0,500.0,1996,D2,2004.9319710734305,2024
TR-174,75.0,500.0,2014,D2,2020.9119741306347,2024
TR-175,150.0,500.0,1988,D1,1997.2179005205253,2024
TR-176,250.0,220.0,1994,D1,2008.3171694276582,2024
TR-177,75.0,154.0,2015,D2,2019.4433383056698,2024
TR-178,400.0,500.0,2003,T2,2015.937591681061,2024
TR-179,400.0,220.0,2018,NORMAL,2060.82964220403,2024
TR-180,75.0,154.0,1996,T1,2017.4729221470466,2024
TR-181,100.0,220.0,1999,NORMAL,2049.880503785406,2024
TR-182,200.0,110.0,1994,D2,2001.414479084184,2024
TR-183,250.0,110.0,2014,NORMAL,2063.8789258514535,2024
TR-184,250.0,500.0,1996,T3,2004.075742275713,2024
TR-185,50.0,154.0,2009,NORMAL,2060.9290458346904,2024
TR-186,150.0,500.0,2000,T1,2022.2953622299342,2024
TR-187,150.0,500.0,2005,NORMAL,2051.9688540241045,2024
TR-188,150.0,500.0,1991,T1,2018.4019824171362,2024
TR-189,250.0,154.0,2006,NORMAL,2049.4719372484096,2024
TR-190,75.0,154.0,2005,D2,2007.543371456073,2024
TR-191,75.0,110.0,2015,T1,2031.533189963378,2024
TR-192,150.0,110.0,1991,T2,1999.6779294720568,2024
TR-193,150.0,220.0,1993,PD,2019.0466635343707,2024
TR-194,50.0,154.0,2008,NORMAL,2062.696823979247,2024
TR-195,250.0,500.0,1997,NORMAL,2038.228885280913,2024
TR-196,100.0,500.0,2000,NORMAL,2049.8849930368656,2024
TR-197,75.0,500.0,1990,T1,2006.7140095008353,2024
TR-198,150.0,110.0,1991,D2,1995.992750917391,2024
TR-199,100.0,154.0,1992,T1,2007.4927000536516,2024
TR-200,100.0,220.0,1997,T1,2018.2838817425682,2024
TR-201,50.0,110.0,1988,T2,1995.1440390224716,2024
TR-202,200.0,110.0,2012,DT,2014.6149704581483,2024
TR-203,250.0,154.0,1987,NORMAL,2027.9919182353296,2024
